Regione;Percentuale Media
Abruzzo;55.766000000000005
Basilicata;58.370000000000005
Calabria;56.738
Campania;57.94
Emilia-Romagna;57.122
Friuli-Venezia Giulia;62.75
Lazio;62.178
Liguria;56.348
Lombardia;63.476
Marche;57.081999999999994
Molise;51.95399999999999
Piemonte;55.702
Puglia;55.513999999999996
Sardegna;59.234
Sicilia;57.81
Toscana;57.098
Trentino-Alto Adige;68.51
Umbria;56.04600000000001
Valle d'Aosta;55.99399999999999
Veneto;59.205999999999996
